-- Adminer 4.8.1 MySQL 5.5.5-10.11.3-MariaDB-1:10.11.3+maria~ubu2204 dump

SET NAMES utf8;
SET time_zone = '+00:00';
SET foreign_key_checks = 0;
SET sql_mode = 'NO_AUTO_VALUE_ON_ZERO';

DROP TABLE IF EXISTS `article`;
CREATE TABLE `article` (
  `id` bigint(20) NOT NULL AUTO_INCREMENT,
  `titre` text NOT NULL,
  `resume` text NOT NULL,
  `contenu` longtext NOT NULL,
  `img` varchar(128) NOT NULL,
  `auteur` longtext NOT NULL,
  `idCategorie` bigint(20) NOT NULL,
  `created_at` datetime NOT NULL,
  `updated_at` datetime NOT NULL,
  `idAuteur` bigint(20) NOT NULL,
  `publication` int(11) NOT NULL DEFAULT 0,
  PRIMARY KEY (`id`)
) ENGINE=InnoDB DEFAULT CHARSET=utf8mb3 COLLATE=utf8mb3_general_ci;

INSERT INTO `article` (`id`, `titre`, `resume`, `contenu`, `img`, `auteur`, `idCategorie`, `created_at`, `updated_at`, `idAuteur`, `publication`) VALUES
(2,	'Taylor Swift : Nouvel album et tournée mondiale',	'---\nDécouvrez les dernières actualités de Taylor Swift.\n---',	'---\r\n        \n# Préparez-vous, fans français de Taylor Swift,\ncar la reine de la pop vient d\'annoncer une tournée européenne de son \"The Eras Tour\" ! Après des mois de spéculation et d\'anticipation, la superstar mondiale a dévoilé les dates de sa tournée en Europe, promettant un voyage musical inoubliable qui captivera les fans à travers le continent. Pour la France, rendez-vous à Paris La Défense Arena les 9 & 10 mai 2024 mais aussi au Groupama Stadium de Lyon le 2 juin 2024 !\n\n## Taylor Swift en concert à Paris et à Lyon : inscrivez-vous à l\'alerte artiste\n\nC\'est officiel, la tournée européenne passera bien par la France pour trois dates : deux à Paris, point de départ de The Eras Tour en Europe et une à Lyon. En tout 26 dates avec des étapes prévues dans les plus grandes villes d\'Europe comme Lisbonne, Berlin, Madrid, Londres, Stockholm, Edinburgh, Liverpool, Cardiff, Dublin, Amsterdam, Zûrich, Milan, etc.\n\nPour patienter, coup de projecteur sur l\'un de ses concerts donné lors de sa tournée américaine que Taylor Swift a entamée en mars dernier et qui prendra fin en août.\n\r\n        ',	'taylor-swift.jpg',	'john.doe',	1,	'2023-06-21 07:25:37',	'2023-06-21 07:25:37',	1,	1),
(3,	'La queen Lana Del Rey',	'# Lana Del Rey : Une icône de la pop alternative\r\n\r\nLana Del Rey est une artiste américaine dont la musique unique mélange la pop, le rock et la musique alternative. Sa voix envoûtante et son style rétro ont captivé des millions de fans à travers le monde. Ses chansons explorent des thèmes sombres tels que l\'amour perdu et la mélancolie, créant une ambiance cinématographique. Lana Del Rey a sorti plusieurs albums acclamés par la critique, dont \"Born to Die\", \"Ultraviolence\" et \"Norman Fucking Rockwell!\". Son style distinctif et son talent musical ont fait d\'elle une icône de la pop alternative. Découvrez l\'univers captivant et intemporel de Lana Del Rey !\r\n',	'# Lana Del Rey : Une icône de la pop alternative\r\n\r\nLana Del Rey est une artiste américaine connue pour son style musical unique mélangeant la pop, le rock et la musique alternative. Sa voix envoûtante et sa capacité à créer une ambiance cinématographique ont captivé des millions de fans à travers le monde.\r\n\r\n## Les débuts de Lana Del Rey\r\n\r\nNée Elizabeth Woolridge Grant, Lana Del Rey a connu ses premiers succès avec des chansons telles que \"Video Games\" et \"Born to Die\". Son style rétro et sa nostalgie pour une époque révolue ont contribué à son attrait singulier. Elle a rapidement gagné en popularité et est devenue une figure emblématique de la scène musicale contemporaine.\r\n\r\n## Un univers sombre et introspectif\r\n\r\nLes chansons de Lana Del Rey explorent souvent des thèmes sombres tels que l\'amour perdu, la mélancolie et la désillusion. Sa musique est empreinte d\'une ambiance nostalgique, évoquant des images de paysages urbains nocturnes et de romances tragiques. Ses paroles poétiques et introspectives reflètent ses propres expériences personnelles et offrent une profondeur émotionnelle à ses compositions.\r\n\r\n## Une discographie riche et variée\r\n\r\nLana Del Rey a sorti plusieurs albums acclamés par la critique, parmi lesquels :\r\n\r\n1. \"Born to Die\" (2012)\r\n2. \"Ultraviolence\" (2014)\r\n3. \"Honeymoon\" (2015)\r\n4. \"Lust for Life\" (2017)\r\n5. \"Norman Fucking Rockwell!\" (2019)\r\n6. \"Chemtrails over the Country Club\" (2021)\r\n7. \"Blue Banister\" (2021)\r\n8. \"Did you Know That There A Tunnel Under Ocean Blvd\" (2023)\r\n\r\nChacun de ces albums présente une évolution artistique et musicale, tout en conservant l\'esthétique unique de Lana Del Rey.\r\n\r\n## Une artiste influente\r\n\r\nLana Del Rey a laissé une empreinte durable sur l\'industrie musicale et a inspiré de nombreux artistes émergents. Son style distinctif, son charisme et son talent musical ont fait d\'elle une véritable icône de la pop alternative.\r\n\r\nQue vous soyez un fan de longue date ou que vous découvriez Lana Del Rey pour la première fois, sa musique vous transportera dans un univers captivant et intemporel.\r\n\r\n',	'lana.jpg',	'alice',	1,	'2023-06-21 07:25:37',	'2023-06-21 07:25:37',	3,	1),
(4,	'Comment installer PHP',	'Découvrez notre tuto sur comment installer PHP !',	'## Installation de PHP\r\n\r\n1. **Téléchargement de PHP :**\r\n   - Rendez-vous sur le site officiel de PHP à l\'adresse suivante : [https://www.php.net/downloads.php](https://www.php.net/downloads.php)\r\n   - Choisissez la version de PHP appropriée à votre système d\'exploitation (Windows, macOS, Linux, etc.).\r\n   - Téléchargez le package d\'installation correspondant à votre configuration.\r\n\r\n2. **Installation de PHP :**\r\n   - Sur Windows :\r\n     - Exécutez le fichier d\'installation téléchargé.\r\n     - Suivez les instructions de l\'assistant d\'installation pour configurer PHP.\r\n     - Sélectionnez les composants à installer, tels que le module Apache si vous souhaitez utiliser PHP avec un serveur web Apache.\r\n     - Choisissez le répertoire d\'installation de PHP.\r\n     - Configurez les paramètres spécifiques à votre environnement (par exemple, l\'emplacement de votre serveur web).\r\n     - Terminez l\'installation.\r\n\r\n   - Sur macOS :\r\n     - Ouvrez le fichier d\'installation téléchargé (généralement un fichier .dmg).\r\n     - Suivez les instructions de l\'assistant d\'installation pour configurer PHP.\r\n     - Choisissez les composants à installer.\r\n     - Configurez les paramètres spécifiques à votre environnement.\r\n     - Terminez l\'installation.\r\n\r\n   - Sur Linux :\r\n     - Utilisez le gestionnaire de paquets de votre distribution Linux pour installer PHP. Par exemple, pour Ubuntu, vous pouvez exécuter la commande suivante dans un terminal :\r\n       ```\r\n       sudo apt-get install php\r\n       ```\r\n     - Suivez les instructions du gestionnaire de paquets pour l\'installation.\r\n\r\n3. **Vérification de l\'installation :**\r\n   - Pour vérifier que PHP est correctement installé, ouvrez un terminal ou une invite de commandes et exécutez la commande suivante :\r\n     ```\r\n     php -v\r\n     ```\r\n   - Vous devriez voir s\'afficher la version de PHP installée.\r\n\r\n4. **Utilisation de PHP :**\r\n   - Créez un fichier avec une extension .php (par exemple, index.php) dans un éditeur de texte.\r\n   - Ajoutez votre code PHP à l\'intérieur des balises PHP :\r\n     ```php\r\n     <?php\r\n     // Votre code PHP ici\r\n     ?>\r\n     ```\r\n   - Vous pouvez maintenant écrire votre code PHP pour effectuer des opérations telles que la manipulation de données, la génération de contenu dynamique, etc.\r\n   - Pour exécuter votre code PHP, vous devez le placer dans le répertoire de votre serveur web local (par exemple, htdocs pour Apache) et accéder à ce fichier via votre navigateur web en utilisant l\'URL appropriée (par exemple, [http://localhost/monfichier.php](http://localhost/monfichier.php)).\r\n\r\nCeci est une introduction de base à l\'installation et à l\'utilisation de PHP. Vous pouvez trouver plus d\'informations et de ressources dans la documentation officielle de PHP sur le site web de PHP.net.\r\n\r\nJ\'espère que cela vous aide à démarrer avec PHP !\r\n',	'php.jpg',	'bob',	2,	'2023-06-21 07:25:37',	'2023-06-21 07:25:37',	4,	1),
(5,	'Les bienfaits du yoga pour la santé',	'---\nDécouvrez les nombreux bienfaits du yoga pour la santé physique et mentale.',	'---\r\n       # Les bienfaits du yoga pour la santé\r\n\r\n       Le yoga est une pratique millénaire qui offre de nombreux bienfaits pour la santé physique et mentale. Voici quelques-uns des avantages du yoga :\r\n\r\n       ## 1. Amélioration de la flexibilité et de la mobilité\r\n\r\n       Les postures de yoga aident à étirer et à renforcer les muscles, ce qui améliore la flexibilité et la mobilité des articulations. Une pratique régulière du yoga permet d\'augmenter l\'amplitude des mouvements du corps.\r\n\r\n## 2. Renforcement musculaire\r\n\r\nLe yoga sollicite différents groupes musculaires, ce qui contribue au renforcement global du corps. Les postures et les enchaînements de yoga permettent de tonifier les muscles et d\'améliorer la stabilité musculaire.\r\n\r\n## 3. Amélioration de l\'équilibre et de la posture\r\n\r\nLe yoga met l\'accent sur l\'alignement du corps et la prise de conscience posturale. En pratiquant régulièrement le yoga, on développe un meilleur équilibre et une posture plus droite, ce qui réduit les risques de douleurs et de blessures.\r\n\r\n## 4. Gestion du stress et de l\'anxiété\r\n\r\nLa pratique du yoga favorise la relaxation, la respiration profonde et la méditation. Ces éléments aident à réduire le stress, l\'anxiété et les tensions mentales. Le yoga est un excellent moyen de trouver calme et sérénité dans notre vie trépidante.\r\n\r\n## 5. Amélioration de la concentration et de la clarté mentale\r\n\r\nLa pratique du yoga nécessite une concentration et une présence mentale. En se focalisant sur les postures et la respiration, on développe une meilleure concentration et une clarté mentale accrue. Cela peut se traduire par une amélioration des performances cognitives dans la vie quotidienne.\r\n\r\n## 6. Réduction des douleurs chroniques\r\n\r\nCertaines formes de yoga, comme le yoga thérapeutique, sont bénéfiques pour les personnes souffrant de douleurs chroniques. Les postures et les techniques de relaxation du yoga peuvent aider à soulager les douleurs, notamment celles liées à des problèmes de dos, d\'articulations ou de tension musculaire.\r\n\r\n           ## 7. Amélioration de la qualité du sommeil\r\n\r\n           La pratique régulière du yoga favorise une relaxation profonde et apaise le système nerveux. Cela peut contribuer à améliorer la qualité du sommeil et à réduire les problèmes d\'insomnie.\r\n\r\n## 8. Renforcement du système immunitaire\r\n\r\nLe yoga stimule la circulation sanguine, favorise le drainage lymphatique et renforce le système immunitaire. Une pratique régulière du yoga peut aider à prévenir les maladies et à renforcer la capacité naturelle de guérison du corps.\r\n\r\n## 9. Développement de la pleine conscience\r\n\r\nLe yoga est une pratique qui encourage la pleine conscience, c\'est-à-dire la conscience de l\'instant présent. En se connectant à son corps et à sa respiration, on développe une plus grande conscience de soi et de son environnement.\r\n\r\n## 10. Promotion du bien-être global\r\n\r\nLe yoga est une approche holistique qui vise à harmoniser le corps, l\'esprit et l\'âme. En pratiquant le yoga, on favorise le bien-être global et on cultive un équilibre physique, émotionnel et spirituel.\r\n\r\nLe yoga est accessible à tous, quel que soit l\'âge ou le niveau de forme physique. Que vous soyez débutant ou expérimenté, le yoga peut vous apporter de nombreux bienfaits pour votre santé et votre bien-être.\r\n\r\n---\r\n',	'yoga.jpg',	'bob',	5,	'2023-06-21 07:25:37',	'2023-06-21 07:25:37',	4,	1),
(6,	'Les couchers de soleils',	'---\r\n\r\n# Les couchers de soleil\r\n\r\nLes couchers de soleil sont un spectacle naturel incroyablement beau et apaisant. Chaque soir, lorsque le soleil se rapproche de l\'horizon, le ciel se transforme en une palette de couleurs éblouissantes. Du rouge flamboyant à l\'orange chaud en passant par le rose délicat et le violet intense, les couchers de soleil offrent une explosion de couleurs spectaculaires. C\'est un moment idéal pour se détendre, contempler la beauté de la nature et profiter d\'une atmosphère paisible. Les couchers de soleil symbolisent la fin de la journée et marquent la transition entre le jour et la nuit. Ils nous offrent des moments de sérénité, nous permettant de nous connecter avec la nature et de réfléchir sur les événements de la journée passée. C\'est une expérience simple mais profondément enrichissante qui nous rappelle la beauté et la fragilité de notre monde.\r\n\r\n---\r\n',	'---\r\n\r\n# Les couchers de soleil\r\n\r\nLes couchers de soleil sont un spectacle naturel incroyablement beau et apaisant. Chaque soir, lorsque le soleil se rapproche de l\'horizon, le ciel se transforme en une palette de couleurs éblouissantes. Voici quelques raisons pour lesquelles les couchers de soleil sont si captivants :\r\n\r\n## 1. Couleurs spectaculaires\r\n\r\nLes couchers de soleil offrent une explosion de couleurs vibrantes qui illuminent le ciel. Du rouge flamboyant à l\'orange chaud, en passant par le rose délicat et le violet intense, les nuances se mêlent harmonieusement pour créer un véritable spectacle visuel.\r\n\r\n## 2. Atmosphère paisible\r\n\r\nLorsque le soleil se couche, l\'atmosphère se transforme. La douce lumière tamisée crée une ambiance chaleureuse et apaisante. C\'est un moment idéal pour se détendre, contempler la beauté de la nature et profiter d\'un moment de tranquillité.\r\n\r\n## 3. Moments de sérénité\r\n\r\nLes couchers de soleil sont souvent associés à des moments de sérénité. Que ce soit sur une plage, au sommet d\'une montagne ou simplement depuis votre fenêtre, observer le coucher du soleil offre une pause dans le tumulte de la vie quotidienne. C\'est l\'occasion de se connecter avec la nature et de se sentir en harmonie avec l\'univers qui nous entoure.\r\n\r\n## 4. Symbole de fin de journée\r\n\r\nLes couchers de soleil marquent la fin d\'une journée et le début de la soirée. Ils symbolisent la transition entre le jour et la nuit, offrant un moment de réflexion sur les événements de la journée passée et une anticipation de ce que la soirée peut apporter.\r\n\r\nProfitez de ces moments magiques et prenez le temps de vous arrêter pour admirer les couchers de soleil. C\'est une expérience simple mais profondément enrichissante qui nous rappelle la beauté et la fragilité de notre monde.\r\n\r\n---\r\n',	'   image.jpg',	'emma',	1,	'2023-06-21 07:25:50',	'2023-06-21 07:25:50',	5,	1),
(8,	'Les bienfaits de la méditation',	'Découvrez les nombreux bienfaits de la _méditation_ pour la _santé_ et le _bien-être_.',	'La **méditation** est une pratique ancienne qui permet de calmer l\'esprit et de cultiver la pleine conscience. Elle présente de nombreux bienfaits pour la santé physique et mentale, tels que la réduction du stress, ***l\'amélioration de la concentration*** et de la ***clarté mentale***, ainsi que l\'augmentation du ***sentiment de bien-être***. Dans cet article, nous explorons les différentes techniques de méditation et leurs bienfaits spécifiques.',	'meditation.jpg',	'jane.smith',	5,	'2023-06-21 00:00:00',	'2023-06-21 00:00:00',	2,	1),
(9,	'Les meilleurs films de science-fiction',	'**Découvrez notre sélection des meilleurs films de science-fiction de tous les temps.**',	'Le genre de la *science-fiction* a donné naissance à de nombreux films emblématiques qui ont captivé les spectateurs à travers les âges. Dans cet article, nous présentons une liste des meilleurs films de science-fiction de tous les temps, en explorant leur concept innovant, leur impact culturel et leur réalisation cinématographique. Que vous soyez un fan de longue date ou que vous souhaitiez découvrir ce genre fascinant, cette liste est un excellent point de départ.',	'science-fiction.jpg',	'bob',	8,	'2023-06-21 00:00:00',	'2023-06-21 00:00:00',	5,	1),
(10,	'Les secrets d\'une alimentation saine',	'Découvrez les ***principes clés*** d\'une **alimentation équilibrée** pour une **santé** optimale.',	'Une **alimentation saine** est essentielle pour maintenir une bonne santé et prévenir les maladies. Dans cet article, nous explorons les principes clés d\'une alimentation équilibrée, tels que la consommation de *fruits et légumes frais*, la limitation des *aliments transformés*, l\'apport adéquat en protéines et en nutriments essentiels. Nous fournissons également des conseils pratiques pour incorporer ces principes dans votre vie quotidienne.',	'alimentation-saine.jpg',	'emma',	7,	'2023-06-21 00:00:00',	'2023-06-21 00:00:00',	6,	1),
(11,	'Les plus belles plages du monde',	'Découvrez notre sélection des plus belles **plages paradisiaques** à travers le globe.',	'Si vous rêvez de vacances à la plage, ne cherchez plus ! Dans cet article, nous vous emmenons faire un tour des plus belles plages du monde, des étendues de sable blanc aux eaux turquoise cristallines. Que vous soyez à la recherche de détente, d\'aventure ou de paysages à couper le souffle, ces destinations vous émerveilleront à coup sûr.',	'plages-monde.jpg',	'alice',	6,	'2023-06-21 00:00:00',	'2023-06-21 00:00:00',	4,	1),
(12,	'Les bienfaits du yoga sur le corps et l\'esprit',	'Découvrez comment le *yoga* peut améliorer votre **santé** physique et mentale.',	'Le yoga est une **pratique millénaire** qui combine mouvements physiques, exercices de respiration et méditation pour favoriser l\'harmonie entre le corps et l\'esprit. Dans cet article, nous explorons les nombreux bienfaits du yoga, tels que l\'amélioration de la souplesse, la réduction du stress, l\'augmentation de la force musculaire et la promotion du bien-être mental. Nous vous présentons également quelques postures de base pour commencer votre pratique.',	'yoga.jpg',	'bob',	5,	'2023-06-21 00:00:00',	'2023-06-21 00:00:00',	2,	1),
(13,	'Les destinations les plus populaires pour les amateurs de randonnée',	'Découvrez les meilleures destinations de *randonnée* à travers le monde.',	'La randonnée est une activité populaire pour les amoureux de la nature et les adeptes du plein air. Dans cet article, nous vous emmenons à la découverte des destinations les plus prisées des randonneurs, des sentiers pittoresques des montagnes Rocheuses aux magnifiques sentiers côtiers de la côte amalfitaine. Que vous soyez débutant ou randonneur expérimenté, ces destinations offrent des paysages époustouflants et des expériences inoubliables.',	'randonnee.jpg',	'john.doe',	6,	'2023-06-21 00:00:00',	'2023-06-21 00:00:00',	5,	1),
(14,	'Les bienfaits de l\'activité physique régulière',	'Découvrez pourquoi il est important de maintenir une activité physique régulière.',	'**L\'activité physique régulière est essentielle pour maintenir une bonne santé et prévenir les maladies chroniques**. Dans cet article, nous explorons les nombreux bienfaits de l\'exercice, tels que l\'amélioration de la condition cardiovasculaire, la réduction du risque de diabète de type 2, l\'augmentation de l\'énergie et de l\'endurance, ainsi que la promotion du bien-être mental. Nous vous donnons également des conseils pour intégrer l\'activité physique dans votre quotidien, même avec un emploi du temps chargé.',	'activite-physique.jpg',	'jane.smith',	5,	'2023-06-21 00:00:00',	'2023-06-21 00:00:00',	6,	1),
(15,	'Les tendances de la mode printemps-été 2023',	'Découvrez les dernières tendances de la mode pour la saison *printemps-été 2023*.',	'**La mode évolue constamment**, et chaque saison apporte son lot de nouvelles tendances et de styles à adopter. Dans cet article, nous vous présentons les tendances de la mode pour la saison *printemps-été 2023*, des couleurs vives aux motifs audacieux, en passant par les silhouettes et les accessoires incontournables. Que vous soyez passionné de mode ou que vous cherchiez simplement à vous inspirer, cette liste vous aidera à rester à la pointe des tendances.',	'mode.jpg',	'emma',	10,	'2023-06-21 00:00:00',	'2023-06-21 00:00:00',	4,	1),
(16,	'Les bienfaits de la lecture sur le développement personnel',	'Découvrez comment la *lecture* peut contribuer à votre développement personnel.',	'La lecture est une activité **enrichissante** qui offre de nombreux bienfaits pour le développement personnel. Dans cet article, nous explorons comment la lecture peut stimuler l\'imagination, accroître les connaissances, améliorer la concentration et la mémoire, ainsi que favoriser la détente et le bien-être émotionnel. Nous vous recommandons également quelques livres inspirants à ajouter à votre liste de lecture.',	'lecture.jpg',	'john.doe',	5,	'2023-06-21 00:00:00',	'2023-06-21 00:00:00',	2,	1),
(17,	'Les destinations les plus romantiques pour une lune de miel',	'**Découvrez les destinations de rêve pour une lune de miel inoubliable**.',	'**La lune de miel est un moment spécial pour célébrer votre amour et créer des souvenirs inoubliables en couple**. Dans cet article, nous vous proposons une sélection des destinations les plus romantiques pour une lune de miel idyllique, des plages isolées des Maldives aux charmantes villes historiques de l\'Europe. Que vous recherchiez l\'aventure, la détente ou la découverte culturelle, ces destinations vous promettent des moments magiques à deux.',	'lune-de-miel.jpg',	'alice',	6,	'2023-06-21 00:00:00',	'2023-06-21 00:00:00',	5,	1),
(18,	'Les bienfaits de la musique sur le bien-être',	'Découvrez comment la musique peut améliorer votre bien-être physique et mental.',	'La musique est une forme d\'expression universelle qui a le pouvoir de nous toucher profondément et de nous faire ressentir toute une gamme d\'émotions. Dans cet article, nous explorons les bienfaits de la musique sur le bien-être, tels que la réduction du stress, l\'amélioration de l\'humeur, l\'augmentation de la motivation et la promotion du sommeil de qualité. Nous vous proposons également quelques genres musicaux recommandés pour différents moments de la journée.',	'musique.jpg',	'bob',	5,	'2023-06-21 00:00:00',	'2023-06-21 00:00:00',	6,	1);

DROP TABLE IF EXISTS `categorie`;
CREATE TABLE `categorie` (
  `id` bigint(20) NOT NULL AUTO_INCREMENT,
  `titre` text NOT NULL,
  `resume` text NOT NULL,
  `created_at` datetime NOT NULL,
  `updated_at` datetime NOT NULL,
  PRIMARY KEY (`id`)
) ENGINE=InnoDB DEFAULT CHARSET=utf8mb3 COLLATE=utf8mb3_general_ci;

INSERT INTO `categorie` (`id`, `titre`, `resume`, `created_at`, `updated_at`) VALUES
(1,	'Actualités',	'Restez à jour avec les dernières nouvelles et événements',	'2023-06-21 07:25:37',	'2023-06-21 07:25:37'),
(2,	'Tutoriels',	'Apprenez avec nos guides et didacticiels détaillés',	'2023-06-21 07:25:37',	'2023-06-21 07:25:37'),
(3,	'Conseils',	'Obtenez des conseils pratiques et des astuces utiles',	'2023-06-21 07:25:37',	'2023-06-21 07:25:37'),
(4,	'Technologie',	'Explorez les dernières avancées technologiques',	'2023-06-21 07:25:37',	'2023-06-21 07:25:37'),
(5,	'Santé et bien-être',	'Conseils pour une vie saine et équilibrée',	'2023-06-21 07:25:37',	'2023-06-21 07:25:37'),
(6,	'Voyages',	'Découvrez des destinations passionnantes et des conseils de voyage',	'2023-06-21 07:25:37',	'2023-06-21 07:25:37'),
(7,	'Cuisine',	'Des recettes délicieuses pour satisfaire vos papilles',	'2023-06-21 07:25:37',	'2023-06-21 07:25:37'),
(8,	'Art et culture',	'Explorez l\'univers artistique et culturel',	'2023-06-21 07:25:37',	'2023-06-21 07:25:37'),
(9,	'Sports',	'Tout sur vos sports préférés et les derniers événements sportifs',	'2023-06-21 07:25:37',	'2023-06-21 07:25:37'),
(10,	'Mode',	'Tendances de la mode et conseils pour rester stylé',	'2023-06-21 07:25:37',	'2023-06-21 07:25:37'),
(11,	'Éducation',	'Informations et conseils sur l\'éducation et l\'apprentissage',	'2023-06-21 07:25:37',	'2023-06-21 07:25:37');

DROP TABLE IF EXISTS `user`;
CREATE TABLE `user` (
  `login` varchar(20) NOT NULL,
  `passwd` varchar(256) NOT NULL,
  `email` varchar(256) NOT NULL,
  `nomUser` varchar(20) DEFAULT NULL,
  `prenomUser` varchar(20) DEFAULT NULL,
  `tel` varchar(20) DEFAULT NULL,
  `token` varchar(50) DEFAULT NULL,
  `privilege` int(2) NOT NULL DEFAULT 0,
  `id` bigint(20) NOT NULL AUTO_INCREMENT,
  PRIMARY KEY (`id`)
) ENGINE=InnoDB DEFAULT CHARSET=utf8mb3 COLLATE=utf8mb3_general_ci;

INSERT INTO `user` (`login`, `passwd`, `email`, `nomUser`, `prenomUser`, `tel`, `token`, `privilege`, `id`) VALUES
('john.doe',	'pass123',	'john.doe@example.com',	'Doe',	'John',	'123456789',	'token123',	1,	1),
('jane.smith',	'password',	'jane.smith@example.com',	'Smith',	'Jane',	'987654321',	'token456',	0,	2),
('alice',	'alicepass',	'alice@example.com',	'Alice',	'Brown',	'555555555',	NULL,	0,	3),
('bob',	'bobpass',	'bob@example.com',	'Bob',	'Johnson',	'999999999',	NULL,	0,	4),
('emma',	'emmapass',	'emma@example.com',	'Watson',	'Emma',	'111111111',	'token789',	1,	5),
('admin',	'$2y$12$CvVp14eT5oWFJqTf3d3nn.Q1NW3VZEJMdD2RJkNK0gf4i/xCOzwKi',	'Test1@gmail.com',	'',	'',	'',	NULL,	1,	6);

-- 2023-06-21 10:24:25
